Original,Min-Max Normalized,Z-score Normalized
2,1.0,-1.5491933384829668
3,1.125,-1.161895003862225
4,1.25,-0.7745966692414834
5,1.375,-0.3872983346207417
6,1.5,0.0
7,1.625,0.3872983346207417
8,1.75,0.7745966692414834
9,1.875,1.161895003862225
10,2.0,1.5491933384829668
