Original,Z-score Normalized
2,-1.5491933384829668
3,-1.161895003862225
4,-0.7745966692414834
5,-0.3872983346207417
6,0.0
7,0.3872983346207417
8,0.7745966692414834
9,1.161895003862225
10,1.5491933384829668
